Level;CIUO-88 Título SP;Código CIUO-88;Código CIUO-08; CIUO-08 parte;CIUO-08 Título SP;
4;Miembros del poder ejecutivo y de los cuerpos legislativos;1110;1111;;Miembros del poder legislativo;
4;Personal directivo de la administración pública;1120;1112;;Personal directivo de la administración pública;
4;Jefes de pequeñas poblaciones;1130;1113;;Jefes de pequeñas poblaciones;
4;Dirigentes y administradores de partidos políticos;1141;1114;p;Dirigentes de organizaciones que presentan un interés especial;
4;Dirigentes y administradores de organizaciones de empleadores, de trabajadores y de otras de interés socioeconómico;1142;1114;p;Dirigentes de organizaciones que presentan un interés especial;
4;Dirigentes y administradores de organizaciones humanitarias y de otras organizaciones  especializadas;1143;1114;p;Dirigentes de organizaciones que presentan un interés especial;
4;Directores generales y gerentes generales de empresa;1210;1120;;Directores generales y gerentes generales;
4;Directores de departamentos de producción y operaciones, agricultura, caza, silvicultura y pesca;1221;1311;;Directores de producción agropecuaria y silvicultura;
4;Directores de departamentos de producción y operaciones, agricultura, caza, silvicultura y pesca;1221;1312;;Directores de producción de piscicultura y pesca;
4;Directores de departamentos de producción y operaciones, industrias manufactureras;1222;1321;p;Directores de industrias manufactureras;
4;Directores de departamentos de producción y operaciones, industrias manufactureras;1222;1322;p;Directores de explotaciones de minería;
4;Directores de departamentos de producción y operaciones, construcción y obras públicas;1223;1323;p;Directores de empresas de construcción;
4;Directores de departamentos de producción y operaciones, construcción y obras públicas;1223;3123;p;Supervisores de la construcción;
;Directores de departamentos de producción y operaciones, comercio mayoristas y minoristas;1224;1420;p;Gerentes de comercios al por mayor y al por menor;
4;Directores de departamentos de producción y operaciones, restauración y hostelería;1225;1411;p;Gerentes de hoteles;
4;Directores de departamentos de producción y operaciones, restauración y hostelería;1225;1412;p;Gerentes de restaurantes;
4;Directores de departamentos de producción y operaciones, transporte, almacenamiento y comunicaciones;1226;1324;p;Directores de empresas de abastecimiento, distribución y afines;
4;Directores de departamentos de producción y operaciones, transporte, almacenamiento y comunicaciones;1226;1330;p;Directores de servicios de tecnología de la información y las comunicaciones;
4;Directores de departamentos de producción y operaciones, empresas de intermediación y servicios a empresas;1227;1219;p;Directores de administración y servicios no clasificados bajo otros epígrafes;
;Directores de departamentos de producción y operaciones, empresas de intermediación y servicios a empresas;1227;1346;;Gerentes de sucursales de bancos, de servicios financieros y de seguros;
4;Directores de departamentos de producción y operaciones, servicios de cuidados personales, limpieza y servicios similares;1228;1219;p;Directores de administración y servicios no clasificados bajo otros epígrafes;
4;Directores de departamentos de producción y operaciones, no clasificados bajo otros epígrafes;1229;1213;p;Directores de políticas y planificación;
4;Directores de departamentos de producción y operaciones, no clasificados bajo otros epígrafes;1229;1219;p;Directores de administración y servicios no clasificados bajo otros epígrafes;
4;Directores de departamentos de producción y operaciones, no clasificados bajo otros epígrafes;1229;1341;p;Directores de servicios de cuidados infantiles;
4;Directores de departamentos de producción y operaciones, no clasificados bajo otros epígrafes;1229;1342;p;Directores de servicios de salud;
4;Directores de departamentos de producción y operaciones, no clasificados bajo otros epígrafes;1229;1343;p;Directores de servicios de cuidado de las personas de edad;
4;Directores de departamentos de producción y operaciones, no clasificados bajo otros epígrafes;1229;1344;p;Directores  de servicios de bienestar social;
4;Directores de departamentos de producción y operaciones, no clasificados bajo otros epígrafes;1229;1345;p;Directores de servicios de educación;
4;Directores de departamentos de producción y operaciones, no clasificados bajo otros epígrafes;1229;1349;p;Directores y gerentes de servicios profesionales no clasificados bajo otros epígrafes;
4;Directores de departamentos de producción y operaciones, no clasificados bajo otros epígrafes;1229;1439;p;Gerentes de servicios no clasificados bajo otros epígrafes;
4;Directores de departamentos de producción y operaciones, no clasificados bajo otros epígrafes;1229;2654;p;Directores de cine, de teatro y afines;
4;Directores de departamentos financieros y administrativos;1231;1211;p;Directores financieros;
4;Directores de departamentos financieros y administrativos;1231;1219;p;Directores de administración y servicios no clasificados bajo otros epígrafes;
4;Directores de departamentos de personal y de relaciones laborales;1232;1212;p;Directores de recursos humanos;
4;Directores de departamentos de ventas y comercialización;1233;1221;p;Directores de ventas y comercialización;
4;Directores de departamentos de publicidad y de relaciones públicas;1234;1222;p;Directores de publicidad y relaciones públicas;
4;Directores de departamentos de abastecimiento y distribución;1235;1324;p;Directores de empresas de abastecimiento, distribución y afines;
4;Directores de departamentos de servicios de informática;1236;1330;p;Directores de servicios de tecnología de la información y las comunicaciones;
4;Directores de departamentos de investigaciones y desarrollo;1237;1223;p;Directores de investigación y desarrollo;
4;Otros directores de departamentos, no clasificados bajo otros epígrafes;1239;1213;p;Directores de políticas y planificación;
4;Gerentes de empresas de agricultura, caza, silvicultura y pesca;1311;6111;p;Agricultores y trabajadores calificados de cultivos extensivos;
4;Gerentes de empresas de agricultura, caza, silvicultura y pesca;1311;6112;p;Agricultores y trabajadores calificados de plantaciones de árboles y arbustos;
4;Gerentes de empresas de agricultura, caza, silvicultura y pesca;1311;6113;p;Agricultores y trabajadores calificados de huertas, invernaderos, viveros y jardines;
4;Gerentes de empresas de agricultura, caza, silvicultura y pesca;1311;6114;p;Agricultores y trabajadores calificados de cultivos mixtos;
4;Gerentes de empresas de agricultura, caza, silvicultura y pesca;1311;6121;p;Criadores de ganado;
4;Gerentes de empresas de agricultura, caza, silvicultura y pesca;1311;6122;p;Avicultores y trabajadores calificados de la avicultura;
4;Gerentes de empresas de agricultura, caza, silvicultura y pesca;1311;6130;p;Productores y trabajadores calificados de explotaciones agropecuarias mixtas cuya producción se destina al mercado;
4;Gerentes de industrias manufactureras;1312;1321;p;Directores de industrias manufactureras;
4;Gerentes de industrias manufactureras;1312;1322;p;Directores de explotaciones de minería;
4;Gerentes de empresas de construcción y obras públicas;1313;1323;p;Directores de empresas de construcción;
4;Gerentes de comercios mayoristas y minoristas;1314;1420;p;Gerentes de comercios al por mayor y al por menor;
4;Gerentes de comercios mayoristas y minoristas;1314;5221;;Comerciantes de tiendas;
4;Gerentes de empresas de restauración y hostelería;1315;1411;p;Gerentes de hoteles;
4;Gerentes de empresas de restauración y hostelería;1315;1412;p;Gerentes de restaurantes;
4;Gerentes de empresas de transporte, almacenamiento y comunicaciones;1316;1324;p;Directores de empresas de abastecimiento, distribución y afines;
4;Gerentes de empresas de transporte, almacenamiento y comunicaciones;1316;1330;p;Directores de servicios de tecnología de la información y las comunicaciones;
5;Gerentes de empresas de intermediación y servicios a empresas;1317;1211;p;Directores financieros;
4;Gerentes de empresas de intermediación y servicios a empresas;1317;1212;p;Directores de recursos humanos;
4;Gerentes de empresas de intermediación y servicios a empresas;1317;1219;p;Directores de administración y servicios no clasificados bajo otros epígrafes;
4;Gerentes de empresas de intermediación y servicios a empresas;1317;1221;p;Directores de ventas y comercialización;
4;Gerentes de empresas de intermediación y servicios a empresas;1317;1222;p;Directores de publicidad y relaciones públicas;
4;Gerentes de empresas de intermediación y servicios a empresas;1317;1330;p;Directores de servicios de tecnología de la información y las comunicaciones;
4;Gerentes de empresas de intermediación y servicios a empresas;1317;1346;;Gerentes de sucursales de bancos, de servicios financieros y de seguros;
4;Gerentes de empresas de servicios de cuidados personales, limpieza y servicios similares;1318;1219;p;Directores de administración y servicios no clasificados bajo otros epígrafes;
4;Gerentes de empresas, no clasificados bajo otros epígrafes;1319;1223;p;Directores de investigación y desarrollo;
4;Gerentes de empresas, no clasificados bajo otros epígrafes;1319;1341;p;Directores de servicios de cuidados infantiles;
4;Gerentes de empresas, no clasificados bajo otros epígrafes;1319;1342;p;Directores de servicios de salud;
4;Gerentes de empresas, no clasificados bajo otros epígrafes;1319;1343;p;Directores de servicios de cuidado de las personas de edad;
4;Gerentes de empresas, no clasificados bajo otros epígrafes;1319;1344;p;Directores  de servicios de bienestar social;
4;Gerentes de empresas, no clasificados bajo otros epígrafes;1319;1345;p;Directores de servicios de educación;
4;Gerentes de empresas, no clasificados bajo otros epígrafes;1319;1349;p;Directores y gerentes de servicios profesionales no clasificados bajo otros epígrafes;
4;Gerentes de empresas, no clasificados bajo otros epígrafes;1319;1431;;Gerentes de centros deportivos, de esparcimiento y culturales;
4;Gerentes de empresas, no clasificados bajo otros epígrafes;1319;1439;p;Gerentes de servicios no clasificados bajo otros epígrafes;
4;Físicios y astrónomos;2111;2111;;Físicos y astrónomos;
4;Meteorólogos;2112;2112;;Meteorólogos;
4;Químicos;2113;2113;;Químicos;
4;Químicos;2113;2262;p;Farmacéuticos;
4;Geólogos y geofísicos;2114;2114;;Geólogos y geofísicos;
4;Matemáticos y afines;2121;2120;p;Matemáticos, actuarios y estadísticos;
4;Estadísticos;2122;2120;p;Matemáticos, actuarios y estadísticos;
4;Creadores y analistas de sistemas informáticos;2131;2511;;Analistas de sistemas;
4;Creadores y analistas de sistemas informáticos;2131;2512;;Desarrolladores de software;
4;Creadores y analistas de sistemas informáticos;2131;2513;p;Desarrolladores Web y multimedia;
4;Creadores y analistas de sistemas informáticos;2131;2519;p;Desarrolladores y analistas de software y multimedia y analistas no clasificados bajo otros epígrafes;
4;Creadores y analistas de sistemas informáticos;2131;2521;;Diseñadores y administradores de bases de datos;
4;Creadores y analistas de sistemas informáticos;2131;2522;;Administradores de sistemas;
4;Creadores y analistas de sistemas informáticos;2131;2523;;Profesionales en redes de computadores;
4;Creadores y analistas de sistemas informáticos;2131;2529;p;Especialistas en bases de datos y en redes de computadores no clasificados bajo otros epígrafes;
4;Programadores informáticos;2132;2513;p;Desarrolladores Web y multimedia;
4;Programadores informáticos;2132;2514;;Programadores de aplicaciones;
4;Programadores informáticos;2132;2519;p;Desarrolladores y analistas de software y multimedia y analistas no clasificados bajo otros epígrafes;
4;Programadores informáticos;2132;2529;p;Especialistas en bases de datos y en redes de computadores no clasificados bajo otros epígrafes;
4;Profesionales de la informática, no clasificados bajos otros epígrafes;2139;2513;p;Desarrolladores Web y multimedia;
4;Profesionales de la informática, no clasificados bajos otros epígrafes;2139;2519;p;Desarrolladores y analistas de software y multimedia y analistas no clasificados bajo otros epígrafes;
4;Profesionales de la informática, no clasificados bajos otros epígrafes;2139;2529;p;Especialistas en bases de datos y en redes de computadores no clasificados bajo otros epígrafes;
4;Profesionales de la informática, no clasificados bajos otros epígrafes;2139;3513;p;Técnicos en redes y sistemas de computadores;
4;Arquitectos, urbanistas e ingenieros de tránsito;2141;2161;;Arquitectos;
4;Arquitectos, urbanistas e ingenieros de tránsito;2141;2162;;Arquitectos paisajistas;
4;Arquitectos, urbanistas e ingenieros de tránsito;2141;2164;;Urbanistas e ingenieros de tránsito;
4;Ingenieros civiles;2142;2142;;Ingenieros civiles;
4;Ingenieros electricístas;2143;2151;;Ingenieros electricistas;
4;Ingenieros electronicistas y de telecomunicaciones;2144;2152;;Ingenieros electrónicos;
4;Ingenieros electronicistas y de telecomunicaciones;2144;2153;;Ingenieros en telecomunicaciones;
4;Ingenieros mecánicos;2145;2144;;Ingenieros mecánicos;
4;Ingenieros químicos;2146;2145;;Ingenieros químicos;
4;Ingenieros de minas y metalúrgicos y afines;2147;2146;;Ingenieros de minas, metalúrgicos y afines;
4;Cartógrafos y agrimensores;2148;2165;;Cartógrafos y agrimensores;
4;Arquitectos, ingenieros y afines, no clasificados bajo otros epígrafes;2149;2141;;Ingenieros industriales y de producción;
4;Arquitectos, ingenieros y afines, no clasificados bajo otros epígrafes;2149;2143;;Ingenieros medioambientales;
4;Arquitectos, ingenieros y afines, no clasificados bajo otros epígrafes;2149;2149;;Ingenieros no clasificados bajo otros epígrafes;
4;Biólogos, botánicos, zoólogos y afines;2211;2131;p;Biólogos, botánicos, zoólogos y afines;
4;Biólogos, botánicos, zoólogos y afines;2211;2133;;Profesionales de la protección medioambiental;
4;Farmacólogos, patólogos y afines;2212;2131;p;Biólogos, botánicos, zoólogos y afines;
4;Farmacólogos, patólogos y afines;2212;2212;;Médicos especialistas ;
4;Farmacólogos, patólogos y afines;2212;2250;p;Veterinarios;
4;Agrónomos y afines;2213;2132;p;Agrónomos y afines;
4;Médicos;2221;2211;;Médicos generales;
4;Médicos;2221;2212;;Médicos especialistas ;
4;Odontólogos;2222;2261;;Dentistas;
4;Veterinarios;2223;2250;p;Veterinarios;
4;Farmacéuticos;2224;2262;p;Farmacéuticos;
4;Médicos y profesionales afines (excepto el personal de enfermería y partería), no clasificados bajo otros epígrafes;2229;2263;p;Profesionales de la salud y la higiene laboral y ambiental;
4;Médicos y profesionales afines (excepto el personal de enfermería y partería), no clasificados bajo otros epígrafes;2229;2269;p;Profesionales de la salud no clasificados bajo otros epígrafes;
4;Personal de enfermería y partería de nivel superior;2230;1342;p;Directores de servicios de salud;
4;Personal de enfermería y partería de nivel superior;2230;1343;p;Directores de servicios de cuidado de las personas de edad;
4;Personal de enfermería y partería de nivel superior;2230;2221;p;Profesionales de enfermería;
4;Personal de enfermería y partería de nivel superior;2230;2222;p;Profesionales de partería;
4;Personal de enfermería y partería de nivel superior;2230;3221;p;Profesionales de nivel medio de enfermería;
4;Personal de enfermería y partería de nivel superior;2230;3222;p;Profesionales de nivel medio de partería;
4;Profesores de universidades y otros establecimientos de la enseñanza superior;2310;2310;;Profesores de universidades y de la enseñanza superior;
4;Profesores de universidades y otros establecimientos de la enseñanza superior;2310;2320;p;Profesores de formación profesional;
4;Profesores de la enseñanza secundaria;2320;2320;p;Profesores de formación profesional;
4;Profesores de la enseñanza secundaria;2320;2330;;Profesores de enseñanza secundaria;
4;Maestros de nivel superior de la enseñanza primaria;2331;2341;p;Maestros de enseñanza primaria;
4;Maestros de nivel superior de la enseñanza preescolar;2332;2342;p;Maestros preescolares;
4;Maestros e instructores de nivel superior de la enseñanza especial;2340;2352;p;Educadores para necesidades especiales;
4;Especialistas en métodos pedagógicos y material didáctico;2351;2351;p;Especialistas en métodos pedagógicos;
4;Inspectores de la enseñanza;2352;2351;p;Especialistas en métodos pedagógicos;
4;Otros profesionales de la enseñanza, no clasificados bajo otros epígrafes;2359;2353;p;Otros profesores de idiomas;
4;Otros profesionales de la enseñanza, no clasificados bajo otros epígrafes;2359;2354;;Otros profesores de música;
4;Otros profesionales de la enseñanza, no clasificados bajo otros epígrafes;2359;2355;p;Otros profesores de artes;
4;Otros profesionales de la enseñanza, no clasificados bajo otros epígrafes;2359;2356;p;Instructores en tecnología de la información;
4;Otros profesionales de la enseñanza, no clasificados bajo otros epígrafes;2359;2359;p;Profesionales de la enseñanza no clasificados bajo otros epígrafes;
4;Contadores;2411;2411;p;Contables;
4;Contadores;2411;2412;p;Asesores financieros y en inversiones;
4;Especialistas en políticas y servicios de personal y afines;2412;2263;p;Profesionales de la salud y la higiene laboral y ambiental;
4;Especialistas en políticas y servicios de personal y afines;2412;2423;;Especialistas en políticas y servicios de personal y afines;
4;Especialistas en políticas y servicios de personal y afines;2412;2424;;Especialistas en formación del personal;
4;Especialistas en organizacón y administración de empresas y afines, no clasificados bajo otros epígrafes;2419;2412;p;Asesores financieros y en inversiones;
4;Especialistas en organizacón y administración de empresas y afines, no clasificados bajo otros epígrafes;2419;2413;;Analistas financieros;
4;Especialistas en organizacón y administración de empresas y afines, no clasificados bajo otros epígrafes;2419;2421;;Analistas de gestión y organización;
4;Especialistas en organizacón y administración de empresas y afines, no clasificados bajo otros epígrafes;2419;2422;;Especialistas en políticas de administración;
4;Especialistas en organizacón y administración de empresas y afines, no clasificados bajo otros epígrafes;2419;2431;;Profesionales de la publicidad y la comercialización;
4;Especialistas en organizacón y administración de empresas y afines, no clasificados bajo otros epígrafes;2419;2432;;Profesionales de relaciones públicas;
4;Especialistas en organizacón y administración de empresas y afines, no clasificados bajo otros epígrafes;2419;3339;p;Agentes de servicios comerciales no clasificados bajo otros epígrafes;
4;Abogados;2421;2611;;Abogados;
4;Jueces;2422;2612;;Jueces;
4;Profesionales del derecho, no clasificados bajo otros epígrafes;2429;2619;;Profesionales en derecho no clasificados bajo otros epígrafes;
4;Archiveros y conservadores de museos;2431;2621;;Archivistas y curadores de museos;
4;Bibliotecarios, documentalistas y afines;2432;2622;;Bibliotecarios, documentalistas y afines;
4;Economistas;2441;2631;;Economistas;
4;Sociólogos, antropólogos y afines;2442;2632;;Sociólogos, antropólogos y afines;
4;Filósofos, historiadores y especialistas en ciencias políticas;2443;2633;;Filósofos, historiadores y especialistas en ciencias políticas;
4;Filólogos, traductores e intérpretes;2444;2643;;Traductores, intérpretes y lingüistas;
4;Psicólogos;2445;2634;;Psicólogos;
4;Profesionales del trabajo social;2446;2635;;Profesionales del trabajo social;
4;Autores, periodistas y otros escritores;2451;2641;;Autores y otros escritores;
4;Autores, periodistas y otros escritores;2451;2642;p;Periodistas;
4;Escultores, pintores y afines;2452;2651;;Artistas de artes plásticas;
4;Compositores, músicos y cantantes;2453;2652;p;Músicos, cantantes y compositores;
4;Coreógrafos y bailarines;2454;2653;p;Bailarines y coreógrafos;
4;Actores y directores de cine, radio, teatro, televisión y afines;2455;2654;p;Directores de cine, de teatro y afines;
4;Actores y directores de cine, radio, teatro, televisión y afines;2455;2655;;Actores;
4;Sacerdotes de distintas religiones;2460;2636;;Profesionales religiosos;
4;Técnicos en ciencias físicas y químicas;3111;3111;;Técnicos en ciencias físicas y químicas;
4;Técnicos en ingeniería civil;3112;3112;p;Técnicos en ingeniería civil;
4;Electrotécnicos;3113;3113;p;Electrotécnicos;
4;Técnicos en electrónica y telecomunicaciones;3114;3114;p;Técnicos en electrónica;
4;Técnicos en electrónica y telecomunicaciones;3114;3522;;Técnicos de ingeniería de las telecomunicaciones;
4;Técnicos en mecánica y construcción mecánica;3115;3115;p;Técnicos en ingeniería mecánica;
4;Técnicos en química industrial;3116;3116;;Técnicos en química industrial;
4;Técnicos en ingeniería de minas y metalurgia;3117;3117;p;Técnicos en ingeniería de minas y metalurgia;
4;Delineantes y dibujantes técnicos;3118;3118;;Delineantes y dibujantes técnicos;
4;Técnicos en ciencias físicas y químicas y en ingeniería no clasificados bajo otros epígrafes;3119;3119;;Técnicos en ciencias físicas y en ingeniería no clasificados bajo otros epígrafes;
4;Técnicos en programación informática;3121;3512;;Técnicos en asistencia al usuario de tecnología de la información y las comunicaciones;
4;Técnicos en programación informática;3121;3513;p;Técnicos en redes y sistemas de computadores;
4;Técnicos en programación informática;3121;3514;p;Técnicos de la Web;
4;Técnicos en control de equipos informáticos;3122;3511;;Técnicos en operaciones de tecnología de la información y las comunicaciones;
4;Técnicos en control de equipos informáticos;3122;3514;p;Técnicos de la Web;
4;Técnicos en control de robots industriales;3123;3139;p;Técnicos en control de procesos no clasificados bajo otros epígrafes;
4;Fotógrafos y operadores de equipos de grabación de imagen y sonido;3131;3431;;Fotógrafos;
4;Fotógrafos y operadores de equipos de grabación de imagen y sonido;3131;3521;p;Técnicos de radiodifusión y grabación audio visual;
4;Operadores de equipos de radiodifusión, televisión y telecomunicaciones;3132;3521;p;Técnicos de radiodifusión y grabación audio visual;
4;Operadores de equipos de radiodifusión, televisión y telecomunicaciones;3132;3522;;Técnicos de ingeniería de las telecomunicaciones;
4;Operadores de aparatos de diagnóstico y tratamientos médicos;3133;3211;;Técnicos en aparatos de diagnóstico y tratamiento médico;
4;Oficiales maquinistas;3141;3151;;Oficiales maquinistas en navegación;
4;Capitanes, oficiales de cubierta y prácticos;3142;3152;;Capitanes, oficiales de cubierta y prácticos;
4;Pilotos de aviación y afines;3143;3153;p;Pilotos de aviación y afines;
4;Controladores de tráfico aéreo;3144;3154;;Controladores de tráfico aéreo;
4;Técnicos en seguridad aeronáutica;3145;3155;;Técnicos en seguridad aeronáutica;
4;Inspectores de edificios y de prevención e investigación de incendios;3151;3112;p;Técnicos en ingeniería civil;
4;Inspectores de edificios y de prevención e investigación de incendios;3151;3359;p;Agentes de la administración pública para la aplicacion de la ley y afines no clasificados bajo otros epígrafes;
4;Inspectores de seguridad y salud y control de calidad;3152;2263;p;Profesionales de la salud y la higiene laboral y ambiental;
4;Inspectores de seguridad y salud y control de calidad;3152;3113;p;Electrotécnicos;
4;Inspectores de seguridad y salud y control de calidad;3152;3114;p;Técnicos en electrónica;
4;Inspectores de seguridad y salud y control de calidad;3152;3115;p;Técnicos en ingeniería mecánica;
4;Inspectores de seguridad y salud y control de calidad;3152;3117;p;Técnicos en ingeniería de minas y metalurgia;
4;Inspectores de seguridad y salud y control de calidad;3152;3257;p;Inspectores de la salud laboral,  medioambiental y afines;
4;Inspectores de seguridad y salud y control de calidad;3152;7543;;Clasificadores y probadores de productos (excluyendo alimentos y bebidas);
4;Técnicos en ciencias biológicas y afines;3211;3141;;Técnicos en ciencias biológicas (excluyendo la medicina);
4;Técnicos en ciencias biológicas y afines;3211;3212;;Técnicos de laboratorios médicos;
4;Técnicos en agronomía, zootecnia y silvicultura;3212;3142;;Técnicos agropecuarios;
4;Técnicos en agronomía, zootecnia y silvicultura;3212;3143;;Técnicos forestales;
4;Consejeros agrícolas y forestales;3213;2132;p;Agrónomos y afines;
4;Practicantes y asistentes médicos;3221;2240;;Practicantes paramédicos;
4;Practicantes y asistentes médicos;3221;3253;;Trabajadores comunitarios de la salud;
4;Practicantes y asistentes médicos;3221;3256;;Practicantes y asistentes médicos;
4;Higienistas y otro personal sanitario;3222;2263;p;Profesionales de la salud y la higiene laboral y ambiental;
4;Higienistas y otro personal sanitario;3222;3257;p;Inspectores de la salud laboral,  medioambiental y afines;
4;Técnicos en dietética y nutrición;3223;2265;;Dietistas y nutricionistas;
4;Técnicos en optometría y ópticos;3224;2267;;Optometristas;
4;Técnicos en optometría y ópticos;3224;3254;;Técnicos en optometría y ópticos;
4;Dentistas auxiliares y ayudantes de odontología;3225;3251;;Dentistas auxiliares y ayudantes de odontología;
4;Fisioterapeutas y afines;3226;2264;;Fisioterapeutas ;
4;Fisioterapeutas y afines;3226;2269;p;Profesionales de la salud no clasificados bajo otros epígrafes;
4;Fisioterapeutas y afines;3226;3255;;Técnicos y asistentes fisioterapeutas;
4;Fisioterapeutas y afines;3226;3259;p;Profesionales de la salud de nivel medio no clasificados bajo otros epígrafes;
4;Técnicos y asistentes veterinarios;3227;3240;;Técnicos y asistentes veterinarios;
4;Técnicos y asistentes farmacéuticos;3228;3213;;Técnicos y asistentes farmacéuticos;
4;Profesionales de nivel medio de la medicina moderna y la salud (excepto el personal de enfermería y partería), no clasificados bajo otros epígrafes;3229;2230;p;Profesionales de medicina tradicional y alternativa;
4;Profesionales de nivel medio de la medicina moderna y la salud (excepto el personal de enfermería y partería), no clasificados bajo otros epígrafes;3229;2266;;Audiólogos y logopedas;
;Profesionales de nivel medio de la medicina moderna y la salud (excepto el personal de enfermería y partería), no clasificados bajo otros epígrafes;3229;2267;p;Optometristas;
4;Profesionales de nivel medio de la medicina moderna y la salud (excepto el personal de enfermería y partería), no clasificados bajo otros epígrafes;3229;2269;p;Profesionales de la salud no clasificados bajo otros epígrafes;
4;Profesionales de nivel medio de la medicina moderna y la salud (excepto el personal de enfermería y partería), no clasificados bajo otros epígrafes;3229;3259;p;Profesionales de la salud de nivel medio no clasificados bajo otros epígrafes;
4;Personal de enfermería de nivel medio;3231;3221;p;Profesionales de nivel medio de enfermería;
4;Personal de partería de nivel medio;3232;3222;p;Profesionales de nivel medio de partería;
4;Practicantes  de la medicina tradicional;3241;2230;p;Profesionales de medicina tradicional y alternativa;
4;Practicantes  de la medicina tradicional;3241;3230;p;Profesionales de nivel medio de medicina tradicional y alternativa;
4;Curanderos;3242;5169;p;Trabajadores de servicios personales no clasificados bajo otros epígrafes;
4;Maestros de nivel medio de la enseñanza primaria;3310;2341;p;Maestros de enseñanza primaria;
4;Maestros de nivel medio de la enseñanza preescolar;3320;2342;p;Maestros preescolares;
4;Maestros de nivel medio de la enseñanza especial;3330;2352;p;Educadores para necesidades especiales;
4;Otros maestros e instructores de nivel medio;3340;2353;p;Otros profesores de idiomas;
4;Otros maestros e instructores de nivel medio;3340;2355;p;Otros profesores de artes;
4;Otros maestros e instructores de nivel medio;3340;2356;p;Instructores en tecnología de la información;
4;Otros maestros e instructores de nivel medio;3340;2359;p;Profesionales de la enseñanza no clasificados bajo otros epígrafes;
4;Otros maestros e instructores de nivel medio;3340;3153;p;Pilotos de aviación y afines;
4;Otros maestros e instructores de nivel medio;3340;3423;p;Instructores de educación física y actividades recreativas;
4;Otros maestros e instructores de nivel medio;3340;3435;;Otros profesionales de nivel medio en actividades culturales y artísticas;
4;Otros maestros e instructores de nivel medio;3340;5165;;Instructores de autoescuela;
4;Agentes de bolsa, cambio y otros servicios financieros;3411;2412;p;Asesores financieros y en inversiones;
4;Agentes de bolsa, cambio y otros servicios financieros;3411;3311;;Agentes de bolsa, cambio y otros servicios financieros;
4;Agentes de seguros;3412;3321;;Agentes de seguros;
4;Agentes inmobiliarios;3413;3334;;Agentes inmobiliarios;
4;Agentes de viajes;3414;3332;p;Organizadores de conferencias y eventos;
4;Agentes de viajes;3414;3339;p;Agentes de servicios comerciales no clasificados bajo otros epígrafes;
4;Agentes de viajes;3414;4221;p;Empleados de agencias de viajes;
4;Representantes comerciales y técnicos de ventas;3415;2433;;Profesionales de ventas técnicas y médicas (excluyendo la TIC);
4;Representantes comerciales y técnicos de ventas;3415;2434;;Profesionales de ventas de tecnología de la información y las comunicaciones;
4;Representantes comerciales y técnicos de ventas;3415;3322;;Representantes comerciales;
4;Compradores;3416;3323;;Agentes de compras;
4;Tasadores y subastadores;3417;3315;;Tasadores;
4;Tasadores y subastadores;3417;3339;p;Agentes de servicios comerciales no clasificados bajo otros epígrafes;
4;Profesionales de nivel medio en operaciones y comerciales, no clasificados bajo otros epígrafes;3419;3312;;Oficiales de préstamos y créditos;
4;Agentes de compras y consignatarios;3421;3324;;Agentes de compras y consignatarios;
4;Declarantes o gestores de aduana;3422;3331;;Declarantes o gestores de aduana;
4;Agentes públicos y privados de colocación y contratistas de mano de obra;3423;3333;p;Agentes de empleo y contratistas de mano de obra;
4;Agentes comerciales y corredores, no clasificados bajo otros epígrafes;3429;3339;p;Agentes de servicios comerciales no clasificados bajo otros epígrafes;
4;Profesionales de nivel medio de servicios administrativos y afines;3431;3341;p;Supervisores de secretaría;
4;Profesionales de nivel medio de servicios administrativos y afines;3431;3342;p;Secretarios jurídicos;
4;Profesionales de nivel medio de servicios administrativos y afines;3431;3343;p;Secretarios administrativos y ejecutivos;
4;Profesionales de nivel medio de servicios administrativos y afines;3431;3344;p;Secretarios médicos;
4;Profesionales de nivel medio del derecho y servicios legales o afines;3432;3411;;Profesionales de nivel medio del derecho y servicios legales y afines;
4;Tenedores de libros;3433;3313;p;Tenedores de libros;
4;Profesionales de nivel medio de servicios estadísticos, matemáticos y afines;3434;3313;p;Tenedores de libros;
4;Profesionales de nivel medio de servicios estadísticos, matemáticos y afines;3434;3314;;Profesionales de nivel medio de servicios estadísticos, matemáticos y afines;
4;Profesionales de nivel medio de servicios de administración, no clasificados bajo otros epígrafes;3439;3332;p;Organizadores de conferencias y eventos;
4;Profesionales de nivel medio de servicios de administración, no clasificados bajo otros epígrafes;3439;3343;p;Secretarios administrativos y ejecutivos;
4;Profesionales de nivel medio de servicios de administración, no clasificados bajo otros epígrafes;3439;3359;p;Agentes de la administración pública para la aplicacion de la ley y afines no clasificados bajo otros epígrafes;
4;Profesionales de nivel medio de servicios de administración, no clasificados bajo otros epígrafes;3439;3433;;Técnicos en galerías de arte, museos y bibliotecas;
4;Agentes de aduana e inspectores de fronteras;3441;3351;;Agentes de aduana e inspectores de fronteras;
4;Funcionarios del fisco;3442;3352;;Agentes de administración tributaria;
4;Funcionarios de servicios de seguridad social;3443;3353;;Agentes de servicios de seguridad social;
4;Funcionarios de servicios de expedición de licencias y permisos;3444;3354;;Agentes de servicios de expedición de licencias y permisos;
4;Agentes de las administraciones públicas de aduanas, impuestos y afines, no clasificados bajo otros epígrafes;3449;3359;p;Agentes de la administración pública para la aplicacion de la ley y afines no clasificados bajo otros epígrafes;
4;Inspectores de policía y detectives;3450;3355;;Inspectores de policía y detectives;
4;Inspectores de policía y detectives;3450;3411;;Profesionales de nivel medio del derecho y servicios legales y afines;
4;Trabajadores y asistentes sociales de nivel medio;3460;3412;;Trabajadores y asistentes sociales de nivel medio;
4;Decoradores y diseñadores;3471;2163;;Diseñadores de productos y de prendas;
4;Decoradores y diseñadores;3471;2166;;Diseñadores gráficos y multimedia;
4;Decoradores y diseñadores;3471;3432;;Diseñadores y decoradores de interior;
4;Decoradores y diseñadores;3471;3433;;Técnicos en galerías de arte, museos y bibliotecas;
4;Decoradores y diseñadores;3471;7316;p;Redactores de carteles, pintores decorativos y grabadores;
4;Locutores de radio y televisión y afines;3472;2642;p;Periodistas;
4;Locutores de radio y televisión y afines;3472;2656;;Locutores de radio, televisión y otros medios de comunicación;
4;Músicos, cantantes y bailarines callejeros, de cabaret y afines;3473;2652;p;Músicos, cantantes y compositores;
4;Músicos, cantantes y bailarines callejeros, de cabaret y afines;3473;2653;p;Bailarines y coreógrafos;
4;Payasos, prestidigitadores, acróbatas y afines;3474;2659;;Artistas creativos e interpretativos no clasificados bajo otros epígrafes;
4;Atletas, deportistas y afines;3475;3421;;Atletas y deportistas;
4;Atletas, deportistas y afines;3475;3422;;Entrenadores, instructores y árbitros de actividades deportivas;
4;Atletas, deportistas y afines;3475;3423;p;Instructores de educación física y actividades recreativas;
4;Auxiliares laicos de los cultos;3480;3413;;Auxiliares laicos de las religiones;
4;Taquígrafos y mecanógrafos;4111;3341;p;Supervisores de secretaría;
4;Taquígrafos y mecanógrafos;4111;4131;p;Operadores de máquinas de procesamiento de texto y mecanógrafos;
4;Operadores de máquinas de tratamiento de textos y afines;4112;3341;p;Supervisores de secretaría;
4;Operadores de máquinas de tratamiento de textos y afines;4112;4131;p;Operadores de máquinas de procesamiento de texto y mecanógrafos;
4;Operadores de entrada de datos;4113;4132;p;Grabadores de datos;
4;Operadores de calculadoras;4114;3341;p;Supervisores de secretaría;
4;Operadores de calculadoras;4114;4132;p;Grabadores de datos;
4;Secretarios;4115;3341;p;Supervisores de secretaría;
4;Secretarios;4115;3341;p;Supervisores de secretaría;
4;Secretarios;4115;3342;p;Secretarios jurídicos;
4;Secretarios;4115;3344;p;Secretarios médicos;
4;Secretarios;4115;4120;;Secretarios (general);
4;Empleados de contabilidad y cálculo de costos;4121;3341;p;Supervisores de secretaría;
4;Empleados de contabilidad y cálculo de costos;4121;4311;;Empleados de contabilidad y cálculo de costos;
4;Empleados de contabilidad y cálculo de costos;4121;4313;;Empleados encargados de las nóminas;
4;Empleados de servicios estadísticos y financieros;4122;3341;p;Supervisores de secretaría;
4;Empleados de servicios estadísticos y financieros;4122;4312;;Empleados de servicios estadísticos, financieros y de seguros;
4;Empleados de control de abastecimientos e inventario;4131;3341;p;Supervisores de secretaría;
4;Empleados de control de abastecimientos e inventario;4131;4321;;Empleados de control de abastecimientos e inventario;
4;Empleados de servicios de apoyo a la producción;4132;3341;p;Supervisores de secretaría;
4;Empleados de servicios de apoyo a la producción;4132;4322;;Empleados de servicios de apoyo a la producción;
4;Empleados de servicios de transporte;4133;3341;p;Supervisores de secretaría;
4;Empleados de servicios de transporte;4133;4323;;Empleados de servicios de transporte;
4;Empleados de bibliotecas y archivos;4141;3341;p;Supervisores de secretaría;
4;Empleados de bibliotecas y archivos;4141;4411;;Empleados de bibliotecas;
4;Empleados de bibliotecas y archivos;4141;4415;;Empleados de archivos;
4;Empleados de servicios de correos;4142;3341;p;Supervisores de secretaría;
4;Empleados de servicios de correos;4142;4412;;Empleados de servicios de correos;
4;Codificadores de datos, correctores de pruebas de imprenta y afines;4143;3252;;Técnicos en documentación sanitaria;
4;Codificadores de datos, correctores de pruebas de imprenta y afines;4143;3341;p;Supervisores de secretaría;
4;Codificadores de datos, correctores de pruebas de imprenta y afines;4143;4413;;Codificadores de datos, correctores de pruebas de imprenta y afines;
4;Escribientes públicos y afines;4144;3341;p;Supervisores de secretaría;
4;Escribientes públicos y afines;4144;4414;;Escribientes públicos y afines;
4;Otros oficinistas;4190;3341;p;Supervisores de secretaría;
4;Otros oficinistas;4190;4110;;Oficinistas generales;
4;Otros oficinistas;4190;4227;;Entrevistadores de encuestas y de investigaciones de mercados;
4;Otros oficinistas;4190;4416;;Empleados del servicio de personal;
4;Otros oficinistas;4190;4419;;Personal de apoyo administrativo no clasificado bajo otros epígrafes;
4;Cajeros y expendedores de billetes;4211;4211;p;Cajeros de bancos y afines;
4;Cajeros y expendedores de billetes;4211;4212;p;Receptores de apuestas y afines;
4;Cajeros y expendedores de billetes;4211;5230;;Cajeros y expendedores de billetes;
4;Pagadores y cobradores de ventanilla y taquilleros;4212;4211;p;Cajeros de bancos y afines;
4;Receptores de apuestas y afines;4213;4212;p;Receptores de apuestas y afines;
4;Prestamistas;4214;4213;;Prestamistas;
4;Cobradores y afines;4215;4214;;Cobradores y afines;
4;Empleados de agencias de viajes;4221;4221;p;Empleados de agencias de viajes;
4;Recepcionistas y empleados de informaciones;4222;3341;p;Supervisores de secretaría;
4;Recepcionistas y empleados de informaciones;4222;4222;;Empleados de centros de llamadas;
4;Recepcionistas y empleados de informaciones;4222;4224;;Recepcionistas de hoteles;
4;Recepcionistas y empleados de informaciones;4222;4225;;Empleados de ventanillas de informaciones;
4;Recepcionistas y empleados de informaciones;4222;4226;;Recepcionistas (general);
4;Recepcionistas y empleados de informaciones;4222;4229;;Empleados de servicios de información al cliente no clasificados bajo otros epígrafes;
4;Telefonistas;4223;3341;p;Supervisores de secretaría;
4;Telefonistas;4223;4223;;Telefonistas;
4;Camareros y azafatas;5111;5111;;Auxiliares de servicio de abordo;
4;Revisores, guardas y cobradores de los transportes públicos;5112;5112;;Revisores y cobradores de los transportes públicos;
4;Guías;5113;5113;;Guías de turismo;
4;Ecónomos, mayordomos y afines;5121;5151;;Supervisores de mantenimiento y limpieza en oficinas, hoteles y otros establecimientos;
4;Ecónomos, mayordomos y afines;5121;5152;;Ecónomos y mayordomos domésticos ;
4;Cocineros;5122;3434;;Chefs;
4;Cocineros;5122;5120;;Cocineros;
4;Cocineros;5122;9411;;Cocineros de comidas rápidas;
4;Camareros y taberneros;5123;5131;;Camareros de mesas;
4;Camareros y taberneros;5123;5132;;Camareros de barra;
4;Niñeras y celadoras infantiles;5131;5311;;Cuidadores de niños;
4;Niñeras y celadoras infantiles;5131;5312;;Auxiliares de maestros;
4;Ayudantes de enfermería en instituciones;5132;3258;;Ayudantes de ambulancias;
4;Ayudantes de enfermería en instituciones;5132;5321;;Trabajadores de los cuidados personales en instituciones;
4;Ayudantes de enfermería en instituciones;5132;5329;;Trabajadores de los cuidados personales en servicios de salud no clasificados bajo otros epígrafes;
4;Ayudantes de enfermería a domicilio;5133;5322;;Trabajadores de los cuidados personales a domicilio;
4;Trabajadores de los cuidados personales y afines, no clasificados bajo otros epígrafes;5139;5164;;Cuidadores de animales;
4;Trabajadores de los cuidados personales y afines, no clasificados bajo otros epígrafes;5139;5329;;Trabajadores de los cuidados personales en servicios de salud no clasificados bajo otros epígrafes;
4;Peluqueros, especialistas en tratamientos de belleza y afines;5141;5141;;Peluqueros;
4;Peluqueros, especialistas en tratamientos de belleza y afines;5141;5142;;Especialistas en tratamientos de belleza y afines;
4;Acompañantes y ayudas de cámara;5142;5162;;Acompañantes y ayudantes de cámara;
4;Personal de pompas fúnebres y embalsamadores;5143;5163;;Personal de pompas fúnebres y embalsamadores;
4;Otros trabajadores de servicios personales a particulares, no clasificados bajo otros epígrafes;5149;5169;p;Trabajadores de servicios personales no clasificados bajo otros epígrafes;
4;Astrólogos y afines;5151;5161;p;Astrólogos, adivinadores y afines;
4;Adivinadores, quirománticos y afines;5152;5161;p;Astrólogos, adivinadores y afines;
4;Bomberos;5161;5411;;Bomberos;
4;Policías;5162;5412;;Policías;
4;Guardianes de prisión;5163;5413;;Guardianes de prisión;
4;Personal de los servicios de protección y seguridad, no clasificado bajo otros epígrafes;5169;5414;p;Guardias de protección;
4;Personal de los servicios de protección y seguridad, no clasificado bajo otros epígrafes;5169;5419;;Personal de los servicios de protección no clasificados bajo otros epígrafes;
4;Modelos de modas, arte y publicidad;5210;5241;;Modelos de moda, arte y publicidad;
4;Vendedores y demostradores de tiendas y almacenes;5220;5222;;Supervisores de tiendas y almacenes;
4;Vendedores y demostradores de tiendas y almacenes;5220;5223;;Asistentes de venta de tiendas y almacenes;
4;Vendedores y demostradores de tiendas y almacenes;5220;5242;;Demostradores de tiendas;
4;Vendedores y demostradores de tiendas y almacenes;5220;5245;;Expendedores de gasolineras;
4;Vendedores y demostradores de tiendas y almacenes;5220;5246;p;Vendedores de comidas al mostrador;
4;Vendedores y demostradores de tiendas y almacenes;5220;5249;;Vendedores no clasificados bajo otros epígrafes;
4;Vendedores de quioscos y de puestos de mercado;5230;5211;;Vendedores de quioscos y de puestos de mercado;
4;Vendedores de quioscos y de puestos de mercado;5230;5246;p;Vendedores de comidas al mostrador;
4;Agricultores y trabajadores calificados de cultivos extensivos;6111;6111;p;Agricultores y trabajadores calificados de cultivos extensivos;
4;Agricultores y trabajadores calificados de plantaciones de árboles y arbustos;6112;6112;p;Agricultores y trabajadores calificados de plantaciones de árboles y arbustos;
4;Agricultores y trabajadores calificados de huertas, invernaderos, viveros y jardines;6113;6113;p;Agricultores y trabajadores calificados de huertas, invernaderos, viveros y jardines;
4;Agricultores y trabajadores calificados de huertas, invernaderos, viveros y jardines;6113;9214;;Peones de jardinería y horticultura;
4;Agricultores y trabajadores calificados de cultivos mixtos;6114;6114;p;Agricultores y trabajadores calificados de cultivos mixtos;
4;Criadores de ganado y otros animales domésticos, productores de leche y sus derivados;6121;6121;p;Criadores de ganado;
4;Avicultores y trabajadores calificados de la avicultura;6122;6122;p;Avicultores y trabajadores calificados de la avicultura;
4;Agricultores y sericicultores y trabajadores calificados de la apicultura y la sericicultura;6123;6123;p;Apicultores y sericultores y trabajadores calificados de la apicultura y la sericultura;
4;Criadores y trabajadores calificados de la cría de animales domésticos diversos;6124;6121;p;Criadores de ganado;
4;Criadores y trabajadores calificados de la cría de animales domésticos diversos;6124;6122;p;Avicultores y trabajadores calificados de la avicultura;
4;Criadores y trabajadores calificados de la cría de animales domésticos diversos;6124;6123;p;Apicultores y sericultores y trabajadores calificados de la apicultura y la sericultura;
4;Criadores y trabajadores pecuarios calificados de la cría de animales para el mercado y afines, no clasificados bajo otros epígrafes;6129;5164;;Cuidadores de animales;
4;Criadores y trabajadores pecuarios calificados de la cría de animales para el mercado y afines, no clasificados bajo otros epígrafes;6129;6129;;Criadores y trabajadores pecuarios calificados de la cría de animales no clasificados bajo otros epígrafes;
4;Productores y trabajadores agropecuarios calificados cuya producción se destina al mercado;6130;6130;p;Productores y trabajadores calificados de explotaciones agropecuarias mixtas cuya producción se destina al mercado;
4;Taladores y otros trabajadores forestales;6141;6210;p;Trabajadores forestales calificados y afines;
4;Carboneros de carbón vegetal y afines;6142;6210;p;Trabajadores forestales calificados y afines;
4;Criadores de especies acuáticas;6151;6221;;Trabajadores de explotaciones de acuicultura;
4;Pescadores de agua dulce y aguas costeras;6152;6222;;Pescadores de agua dulce y en aguas costeras;
4;Pescadores de agua dulce y aguas costeras;6152;7541;p;Buzos;
4;Pescadores de alta mar;6153;6223;;Pescadores de alta mar;
4;Cazadores y tramperos;6154;6224;;Cazadores y tramperos;
4;Trabajadores agropecuarios y pesqueros de subsistencia;6210;6310;;Trabajadores agrícolas de subsistencia;
4;Trabajadores agropecuarios y pesqueros de subsistencia;6210;6320;;Trabajadores pecuarios de subsistencia;
4;Trabajadores agropecuarios y pesqueros de subsistencia;6210;6330;;Trabajadores agropecuarios de subsistencia;
4;Trabajadores agropecuarios y pesqueros de subsistencia;6210;6340;;Pescadores, cazadores, tramperos y recolectores de subsistencia;
4;Mineros y canteros;7111;3121;;Supervisores en ingeniería de minas;
4;Mineros y canteros;7111;8111;p;Mineros y operadores de instalaciones mineras;
4;Pegadores;7112;7542;;Dinamiteros y pegadores;
4;Tronzadores, labrantes y grabadores de piedra;7113;7113;p;Mamposteros, tronzadores, labrantes y grabadores de piedra;
4;Constructores con técnicas y materiales tradicionales;7121;7111;p;Constructores de casas;
4;Albañiles y mamposteros;7122;7112;;Albañiles;
4;Albañiles y mamposteros;7122;7113;p;Mamposteros, tronzadores, labrantes y grabadores de piedra;
4;Operarios en cemento armado, enfoscadores y afines;7123;7114;;Operarios en cemento armado, enfoscadores y afines;
4;Carpinteros de armar y de blanco;7124;7115;;Carpinteros de armar y de obra blanca;
4;Oficiales y operarios de la construcción (obra gruesa) y afines, no clasificados bajo otros epígrafes;7129;3123;p;Supervisores de la construcción;
4;Oficiales y operarios de la construcción (obra gruesa) y afines, no clasificados bajo otros epígrafes;7129;7111;p;Constructores de casas;
4;Oficiales y operarios de la construcción (obra gruesa) y afines, no clasificados bajo otros epígrafes;7129;7119;;Oficiales y operarios de la construcción (obra gruesa) y afines no clasificados bajo otros epígrafes;
4;Techadores;7131;7121;;Techadores;
4;Parqueteros y colocadores de suelos;7132;7122;;Parqueteros y colocadores de suelos;
4;Revocadores;7133;7123;;Revocadores;
4;Instaladores de material aislante y de insonorización;7134;7124;;Instaladores de material aislante y de insonorización;
4;Cristaleros;7135;7125;;Cristaleros;
4;Fontaneros e instaladores de tuberías;7136;7126;;Fontaneros e instaladores de tuberías;
4;Fontaneros e instaladores de tuberías;7136;7127;p;Mecánicos-montadores de instalaciones de refrigeración y climatización;
4;Electricistas de obras y afines;7137;7411;;Electricistas de obras y afines;
4;Pintores y empapeladores;7141;7131;;Pintores y empapeladores;
4;Barnizadores y afines;7142;7132;;Barnizadores y afines;
4;Limpiadores de fachadas y deshollinadores;7143;7133;;Limpiadores de fachadas y deshollinadores;
4;Limpiadores de fachadas y deshollinadores;7143;7544;;Fumigadores y otros controladores de plagas y malas hierbas;
4;Moldeadores y macheros;7211;7211;;Moldeadores y macheros;
4;Soldadores y oxicortadores;7212;7212;;Soldadores y oxicortadores;
4;Chapistas y caldereros;7213;7213;;Chapistas y caldereros;
4;Montadores de estructuras metálicas;7214;7214;;Montadores de estructuras metálicas;
4;Aparejadores y empalmadores de cables;7215;7215;;Aparejadores y empalmadores de cables;
4;Buzos;7216;7541;p;Buzos;
4;Herreros y forjadores;7221;7221;;Herreros y forjadores;
4;Herramentistas y afines;7222;7222;;Herramentistas y afines;
4;Reguladores y reguladores-operadores de máquinas herramientas;7223;7223;p;Reguladores y operadores de máquinas herramientas;
4;Pulidores de metales y afiladores de herramientas;7224;7224;;Pulidores de metales y afiladores de herramientas;
4;Mecánicos y ajustadores de vehículos de motor;7231;7231;;Mecánicos y reparadores de vehículos de motor;
4;Mecánicos y ajustadores de vehículos de motor;7231;7234;;Reparadores de bicicletas y afines;
4;Mecánicos y ajustadores de motores de avión;7232;7232;;Mecánicos y reparadores de motores de avión;
4;Mecánicos y ajustadores de máquinas agrícolas e industriales;7233;7127;p;Mecánicos-montadores de instalaciones de refrigeración y climatización;
4;Mecánicos y ajustadores de máquinas agrícolas e industriales;7233;7233;;Mecánicos y reparadores de máquinas agrícolas e industriales;
4;Mecánicos y ajustadores electricistas;7241;7412;;Mecánicos y ajustadores electricistas;
4;Ajustadores electronicistas;7242;7421;p;Mecánicos y reparadores en electrónica;
4;Ajustadores electronicistas;7242;7422;p;Instaladores y reparadores en tecnología de la información y las comunicaciones;
4;Mecánicos y reparadores de aparatos electrónicos;7243;7421;p;Mecánicos y reparadores en electrónica;
4;Mecánicos y reparadores de aparatos electrónicos;7243;7422;p;Instaladores y reparadores en tecnología de la información y las comunicaciones;
4;Instaladores y reparadores de telégrafos y teléfonos;7244;7422;p;Instaladores y reparadores en tecnología de la información y las comunicaciones;
4;Instaladores y reparadores de líneas eléctricas;7245;7413;;Instaladores y reparadores de líneas eléctricas ;
4;Instaladores y reparadores de líneas eléctricas;7245;7422;p;Instaladores y reparadores en tecnología de la información y las comunicaciones;
4;Mecánicos y reparadores de instrumentos de precisión;7311;3214;;Técnicos de prótesis médicas y dentales;
4;Mecánicos y reparadores de instrumentos de precisión;7311;7311;;Mecánicos y reparadores de instrumentos de precisión;
4;Constructores y afinadores de instrumentos musicales;7312;7312;;Fabricantes y afinadores de instrumentos musicales;
4;Joyeros, orfebres y plateros;7313;7313;;Joyeros, orfebres y plateros;
4;Alfareros y afines (barro, arcilla y abrasivos);7321;7314;;Alfareros y afines (barro, arcilla y abrasivos);
4;Sopladores, modeladores, laminadores, cortadores y pulidores de vidrio;7322;7315;;Sopladores, modeladores, laminadores, cortadores y pulidores de vidrio;
4;Sopladores, modeladores, laminadores, cortadores y pulidores de vidrio;7322;7549;;Oficiales, operarios y artesanos de artes mecánicas y de otros oficios no clasificados bajo otros epígrafes;
4;Grabadores de vidrio;7323;7316;p;Redactores de carteles, pintores decorativos y grabadores;
4;Pintores decoradores de vidrio, cerámica y otros materiales;7324;7316;p;Redactores de carteles, pintores decorativos y grabadores;
4;Artesanos de la madera y materiales similares;7331;7317;p;Artesanos en madera, cestería y materiales similares;
4;Artesanos de la madera y materiales similares;7331;7319;p;Artesanos no clasificados bajo otros epígrafes;
4;Artesanos de los tejidos, el cuero y materiales similares;7332;7318;p;Artesanos de los tejidos, el cuero y materiales similares;
4;Cajistas, tipógrafos y afines;7341;7321;p;Cajistas, tipógrafos y afines;
4;Cajistas, tipógrafos y afines;7341;7322;p;Impresores;
4;Estereotipistas y galvanotipistas;7342;7321;p;Cajistas, tipógrafos y afines;
4;Grabadores de imprenta y fotograbadores;7343;7321;p;Cajistas, tipógrafos y afines;
4;Operarios de la fotografía y afines;7344;8132;p;Operadores de máquinas para fabricar productos fotográficos;
4;Encuadernadores y afines;7345;7323;p;Encuadernadores y afines;
4;Impresores de sericigrafía y estampadores a la plancha y en textiles;7346;7322;p;Impresores;
4;Carniceros, pescaderos y afines;7411;7511;;Carniceros, pescaderos y afines;
4;Panaderos, pasteleros y confiteros;7412;7512;;Panaderos, pasteleros y confiteros;
4;Operarios de la elaboración de productos lácteos;7413;7513;;Operarios de la elaboración de productos lácteos;
4;Operarios de la conservación de frutas, legumbres, verduras y afines;7414;7514;;Operarios de la conservación de frutas, legumbres, verduras y afines;
4;Catadores y clasificadores de alimentos y bebidas;7415;7515;;Catadores y clasificadores de alimentos y bebidas;
4;Preparadores y elaboradores de tabaco y sus productos;7416;7516;;Preparadores y elaboradores de tabaco y sus productos;
4;Operarios del tratamiento de la madera;7421;7521;;Operarios del tratamiento de la madera;
4;Ebanistas y afines;7422;7522;;Ebanistas y afines;
4;Reguladores y reguladores-operadores de máquinas de labrar madera;7423;7523;p;Reguladores y operadores de máquinas de labrar madera;
4;Cesteros, bruceros y afines;7424;7317;p;Artesanos en madera, cestería y materiales similares;
4;Preparadores de fibras;7431;7318;p;Artesanos de los tejidos, el cuero y materiales similares;
4;Tejedores con telares o de tejidos de punto y afines;7432;7318;p;Artesanos de los tejidos, el cuero y materiales similares;
4;Tejedores con telares o de tejidos de punto y afines;7432;8152;p;Operadores de telares y otras máquinas tejedoras;
4;Sastres, modistos y sombrereros;7433;7531;p;Sastres, modistos, peleteros y sombrereros;
4;Peleteros y afines;7434;7531;p;Sastres, modistos, peleteros y sombrereros;
4;Patronistas y cortadores de tela, cuero y afines;7435;7532;;Patronistas y cortadores de tela y afines;
4;Costureros, bordadores y afines;7436;7533;;Costureros, bordadores y afines;
4;Tapiceros, colchoneros y afines;7437;7534;;Tapiceros, colchoneros y afines;
4;Apelambradores, pellejeros y curtidores;7441;7535;;Apelambradores, pellejeros y curtidores;
4;Zapateros y afines;7442;7536;;Zapateros y afines;
4;Operadores de instalaciones mineras;8111;3121;;Supervisores en ingeniería de minas;
4;Operadores de instalaciones mineras;8111;8111;p;Mineros y operadores de instalaciones mineras;
4;Operadores de instalaciones de procesamiento de minerales y rocas;8112;8112;;Operadores de instalaciones de procesamiento de minerales y rocas;
4;Perforadores y sondistas de pozos y afines;8113;8113;;Perforadores y sondistas de pozos y afines;
4;Operadores de hornos de minerales y de hornos de primera fusión de metales;8121;3135;p;Controladores de procesos de producción de metales;
4;Operadores de hornos de minerales y de hornos de primera fusión de metales;8121;8121;p;Operadores de instalaciones de procesamiento de metales;
4;Operadores de hornos de segunda fusión, máquinas de colar y moldear metales y trenes de laminación;8122;3135;p;Controladores de procesos de producción de metales;
4;Operadores de hornos de segunda fusión, máquinas de colar y moldear metales y trenes de laminación;8122;8121;p;Operadores de instalaciones de procesamiento de metales;
4;Operadores de instalaciones de tratamiento térmico de metales;8123;3135;p;Controladores de procesos de producción de metales;
4;Operadores de instalaciones de tratamiento térmico de metales;8123;8121;p;Operadores de instalaciones de procesamiento de metales;
4;Operadores de máquinas trefiladoras y estiradoras de metales;8124;3135;p;Controladores de procesos de producción de metales;
4;Operadores de máquinas trefiladoras y estiradoras de metales;8124;8121;p;Operadores de instalaciones de procesamiento de metales;
4;Operadores de hornos de vidriería y cerámica y operadores de máquinas afines;8131;8181;p;Operadores de instalaciones de vidriería y cerámica;
4;Operadores de instalaciones de vidriería, cerámica y afines, no clasificados bajo otros epígrafes;8139;8181;p;Operadores de instalaciones de vidriería y cerámica;
4;Operadores de instalaciones de procesamiento de la madera;8141;8172;;Operadores de instalaciones de procesamiento de la madera;
4;Operadores de instalaciones para la preparación de pasta para papel;8142;3139;p;Técnicos en control de procesos no clasificados bajo otros epígrafes;
4;Operadores de instalaciones para la preparación de pasta para papel;8142;8171;p;Operadores de instalaciones para la preparación de pasta para papel y papel;
4;Operadores de instalaciones para la fabricación de papel;8143;3139;p;Técnicos en control de procesos no clasificados bajo otros epígrafes;
4;Operadores de instalaciones para la fabricación de papel;8143;8171;p;Operadores de instalaciones para la preparación de pasta para papel y papel;
4;Operadores de instalaciones quebrantadoras, trituradoras y mezcladoras de sustancias químicas;8151;8131;p;Operadores de plantas y máquinas de productos químicos;
4;Operadores de instalaciones de tratamiento químico térmico;8152;3133;p;Controladores de instalaciones de procesamiento de productos químicos;
4;Operadores de instalaciones de tratamiento químico térmico;8152;8131;p;Operadores de plantas y máquinas de productos químicos;
4;Operadores de equipos de filtración y separación de sustancias químicas;8153;3133;p;Controladores de instalaciones de procesamiento de productos químicos;
4;Operadores de equipos de filtración y separación de sustancias químicas;8153;8131;p;Operadores de plantas y máquinas de productos químicos;
4;Operadores de equipos de destilación y de reacción química (excepto petróleo y gas natural);8154;3133;p;Controladores de instalaciones de procesamiento de productos químicos;
4;Operadores de equipos de destilación y de reacción química (excepto petróleo y gas natural);8154;8131;p;Operadores de plantas y máquinas de productos químicos;
4;Operadores de instalaciones de refinación de petróleo y gas natural;8155;3134;;Operadores de instalaciones de refinación de petróleo y gas natural;
4;Operadores de instalaciones de refinación de petróleo y gas natural;8155;8131;p;Operadores de plantas y máquinas de productos químicos;
4;Operadores de instalaciones de tratamientos químicos, no clasificados bajo otros epígrafes;8159;3133;p;Controladores de instalaciones de procesamiento de productos químicos;
4;Operadores de instalaciones de tratamientos químicos, no clasificados bajo otros epígrafes;8159;8131;p;Operadores de plantas y máquinas de productos químicos;
4;Operadores de instalaciones de producción de energía;8161;3131;;Operadores de instalaciones de producción de energía;
4;Operadores de máquinas de vapor y calderas;8162;8182;;Operadores de máquinas de vapor y calderas;
4;Operadores de incineradores, instalaciones de tratamiento de agua y afines;8163;3132;;Operadores de incineradores, instalaciones de tratamiento de agua y afines;
4;Operadores de cadenas de montaje automatizadas;8171;3122;p;Supervisores de industrias manufactureras;
4;Operadores de cadenas de montaje automatizadas;8171;3139;p;Técnicos en control de procesos no clasificados bajo otros epígrafes;
4;Operadores de robots industriales;8172;3122;p;Supervisores de industrias manufactureras;
4;Operadores de robots industriales;8172;3139;p;Técnicos en control de procesos no clasificados bajo otros epígrafes;
4;Operadores de máquinas herramientas;8211;3122;p;Supervisores de industrias manufactureras;
4;Operadores de máquinas herramientas;8211;7223;p;Reguladores y operadores de máquinas herramientas;
4;Operadores de máquinas para fabricar cemento y otros productos minerales;8212;8114;;Operadores de máquinas para fabricar cemento y otros productos minerales;
4;Operadores de máquinas para fabricar productos farmacéuticos y cosméticos;8221;3122;p;Supervisores de industrias manufactureras;
4;Operadores de máquinas para fabricar productos farmacéuticos y cosméticos;8221;8131;p;Operadores de plantas y máquinas de productos químicos;
4;Operadores de máquinas para fabricar municiones y explosivos;8222;3122;p;Supervisores de industrias manufactureras;
4;Operadores de máquinas para fabricar municiones y explosivos;8222;8131;p;Operadores de plantas y máquinas de productos químicos;
4;Operadores de máquinas pulidoras, galvanizadoras y recubridoras de metales;8223;3122;p;Supervisores de industrias manufactureras;
4;Operadores de máquinas pulidoras, galvanizadoras y recubridoras de metales;8223;8122;;Operadores de máquinas pulidoras, galvanizadoras y recubridoras de metales ;
4;Operadores de máquinas para fabricar accesorios fotográficos;8224;3122;p;Supervisores de industrias manufactureras;
4;Operadores de máquinas para fabricar accesorios fotográficos;8224;8132;p;Operadores de máquinas para fabricar productos fotográficos;
4;Operadores de máquinas para fabricar productos químicos, no clasificados bajo otros epígrafes;8229;3122;p;Supervisores de industrias manufactureras;
4;Operadores de máquinas para fabricar productos químicos, no clasificados bajo otros epígrafes;8229;8131;p;Operadores de plantas y máquinas de productos químicos;
4;Operadores de máquinas para fabricar productos de caucho;8231;3122;p;Supervisores de industrias manufactureras;
4;Operadores de máquinas para fabricar productos de caucho;8231;8141;;Operadores de máquinas para fabricar productos de caucho;
4;Plastic-products machine operators;8232;3122;p;Supervisores de industrias manufactureras;
4;Plastic-products machine operators;8232;3122;p;Supervisores de industrias manufactureras;
4;Plastic-products machine operators;8232;3122;p;Supervisores de industrias manufactureras;
4;Plastic-products machine operators;8232;8142;;Operadores de máquinas para fabricar productos de material plástico;
4;Operadores de máquinas para fabricar productos de madera;8240;3122;p;Supervisores de industrias manufactureras;
4;Operadores de máquinas para fabricar productos de madera;8240;7523;p;Reguladores y operadores de máquinas de labrar madera;
4;Operadores de máquinas de imprenta;8251;3122;p;Supervisores de industrias manufactureras;
4;Operadores de máquinas de imprenta;8251;7322;p;Impresores;
4;Operadores de máquinas de encuadernación;8252;3122;p;Supervisores de industrias manufactureras;
4;Operadores de máquinas de encuadernación;8252;7323;p;Encuadernadores y afines;
4;Operadores de máquinas para fabricar productos de papel;8253;3122;p;Supervisores de industrias manufactureras;
4;Operadores de máquinas para fabricar productos de papel;8253;8143;;Operadores de máquinas para fabricar productos de papel;
4;Operadores de máquinas de preparación de fibras, hilado y devanado;8261;3122;p;Supervisores de industrias manufactureras;
4;Operadores de máquinas de preparación de fibras, hilado y devanado;8261;8151;;Operadores de máquinas de preparación de fibras, hilado y devanado;
4;Operadores de telares y otras máquinas tejedoras;8262;3122;p;Supervisores de industrias manufactureras;
4;Operadores de telares y otras máquinas tejedoras;8262;8152;p;Operadores de telares y otras máquinas tejedoras;
4;Operadores de máquinas para coser;8263;3122;p;Supervisores de industrias manufactureras;
4;Operadores de máquinas para coser;8263;8153;;Operadores de máquinas de coser;
4;Operadores de máquinas de blanqueo, teñido y tintura;8264;3122;p;Supervisores de industrias manufactureras;
4;Operadores de máquinas de blanqueo, teñido y tintura;8264;8154;;Operadores de máquinas de blanqueamiento, teñido y limpieza de tejidos;
4;Operadores de máquinas de blanqueo, teñido y tintura;8264;8157;;Operadores de máquinas lavarropas;
4;Operadores de máquinas de tratamiento de pieles y cueros;8265;3122;p;Supervisores de industrias manufactureras;
4;Operadores de máquinas de tratamiento de pieles y cueros;8265;8155;;Operadores de máquinas de tratamiento de pieles y cueros;
4;Operadores de máquinas para la fabricación de calzado y afines;8266;3122;p;Supervisores de industrias manufactureras;
4;Operadores de máquinas para la fabricación de calzado y afines;8266;8156;;Operadores de máquinas para la fabricación de calzado y afines;
4;Operadores de máquinas para fabricar productos textiles y artículos de piel y cuero no clasificados bajo otros epígrafes;8269;3122;p;Supervisores de industrias manufactureras;
4;Operadores de máquinas para fabricar productos textiles y artículos de piel y cuero no clasificados bajo otros epígrafes;8269;8159;;Operadores de máquinas para fabricar productos textiles y artículos de piel y cuero no clasificados bajo otros epígrafes;
4;Operadores de máquinas para elaborar carne, pescado y mariscos;8271;3122;p;Supervisores de industrias manufactureras;
4;Operadores de máquinas para elaborar carne, pescado y mariscos;8271;8160;p;Operadores de máquinas para elaborar alimentos y productos afines;
4;Operadores de máquinas para elaborar productos lácteos;8272;3122;p;Supervisores de industrias manufactureras;
4;Operadores de máquinas para elaborar productos lácteos;8272;8160;p;Operadores de máquinas para elaborar alimentos y productos afines;
4;Operadores de máquinas para moler cereales y especias;8273;3122;p;Supervisores de industrias manufactureras;
4;Operadores de máquinas para moler cereales y especias;8273;8160;p;Operadores de máquinas para elaborar alimentos y productos afines;
4;Operadores de máquinas para elaborar cereales, productos de panadería y repostería y artículos de chocolate;8274;3122;p;Supervisores de industrias manufactureras;
4;Operadores de máquinas para elaborar cereales, productos de panadería y repostería y artículos de chocolate;8274;8160;p;Operadores de máquinas para elaborar alimentos y productos afines;
4;Operadores de máquinas para elaborar frutos húmedos y secos y hortalizas;8275;3122;p;Supervisores de industrias manufactureras;
4;Operadores de máquinas para elaborar frutos húmedos y secos y hortalizas;8275;8160;p;Operadores de máquinas para elaborar alimentos y productos afines;
4;Operadores de máquinas para fabricar azúcares;8276;3122;p;Supervisores de industrias manufactureras;
4;Operadores de máquinas para fabricar azúcares;8276;8160;p;Operadores de máquinas para elaborar alimentos y productos afines;
4;Operadores de máquinas para elaborar té, café y cacao;8277;3122;p;Supervisores de industrias manufactureras;
4;Operadores de máquinas para elaborar té, café y cacao;8277;8160;p;Operadores de máquinas para elaborar alimentos y productos afines;
4;Operadores de máquinas para elaborar cerveza, vinos y otras bebidas;8278;3122;p;Supervisores de industrias manufactureras;
4;Operadores de máquinas para elaborar cerveza, vinos y otras bebidas;8278;8160;p;Operadores de máquinas para elaborar alimentos y productos afines;
4;Operadores de máquinas para elaborar productos del tabaco;8279;3122;p;Supervisores de industrias manufactureras;
4;Operadores de máquinas para elaborar productos del tabaco;8279;8160;p;Operadores de máquinas para elaborar alimentos y productos afines;
4;Montadores de mecanismos y elementos mecánicos de máquinas;8281;3122;p;Supervisores de industrias manufactureras;
4;Montadores de mecanismos y elementos mecánicos de máquinas;8281;8211;;Ensambladores de maquinaria mecánica;
4;Montadores de equipos eléctricos;8282;3122;p;Supervisores de industrias manufactureras;
4;Montadores de equipos eléctricos;8282;8212;p;Ensambladores de equipos eléctricos y electrónicos;
4;Montadores de equipos electrónicos;8283;3122;p;Supervisores de industrias manufactureras;
4;Montadores de equipos electrónicos;8283;8212;p;Ensambladores de equipos eléctricos y electrónicos;
4;Montadores de productos metálicos, de caucho y de material plástico;8284;3122;p;Supervisores de industrias manufactureras;
4;Montadores de productos metálicos, de caucho y de material plástico;8284;8219;p;Ensambladores no clasificados bajo otros epígrafes;
4;Montadores de productos de madera y de materiales afines;8285;3122;p;Supervisores de industrias manufactureras;
4;Montadores de productos de madera y de materiales afines;8285;8219;p;Ensambladores no clasificados bajo otros epígrafes;
4;Montadores de productos de cartón, textiles y materiales afines;8286;3122;p;Supervisores de industrias manufactureras;
4;Montadores de productos de cartón, textiles y materiales afines;8286;8219;p;Ensambladores no clasificados bajo otros epígrafes;
4;Otros operadores de máquinas y montadores;8290;3122;p;Supervisores de industrias manufactureras;
4;Otros operadores de máquinas y montadores;8290;8183;;Operadores de máquinas de embalaje, embotellamiento y etiquetado ;
4;Otros operadores de máquinas y montadores;8290;8189;;Operadores de máquinas y de instalaciones fijas no clasificados bajo otros epígrafes;
4;Otros operadores de máquinas y montadores;8290;8219;p;Ensambladores no clasificados bajo otros epígrafes;
4;Maquinistas de locomotoras;8311;8311;;Maquinistas de locomotoras;
4;Guardafrenos, guardagujas y agentes de maniobras;8312;8312;;Guardafrenos, guardagujas y agentes de maniobras;
4;Conductores de motocicletas;8321;8321;;Conductores de motocicletas;
4;Conductores de automóviles, taxis y camionetas;8322;8322;;Conductores de automóviles, taxis y camionetas;
4;Conductores de autobuses y tranvías;8323;8331;;Conductores de autobuses y tranvías;
4;Conductores de camiones pesados;8324;8332;;Conductores de camiones pesados;
4;Operadores de maquinaria agrícola y forestal motorizada;8331;8341;;Operadores de maquinaria agrícola y forestal móvil;
4;Operadores de máquinas de movimiento de tierras y afines;8332;8342;;Operadores de máquinas de movimiento de tierras y afines;
4;Operadores de grúas de aparatos elevadores y afines;8333;8343;;Operadores de grúas, aparatos elevadores y afines;
4;Operadores de carretillas y elevadoras;8334;8344;;Operadores de autoelevadoras;
4;Marineros de cubierta y afines;8340;8350;;Marineros de cubierta y afines;
4;Vendedores ambulantes de productos comestibles;9111;5212;;Vendedores ambulantes de productos comestibles;
4;Vendedores ambulantes de productos no comestibles;9112;9520;;Vendedores ambulantes (excluyendo de comida);
4;Vendedores a domicilio y por teléfono;9113;5243;;Vendedores puerta a puerta;
4;Vendedores a domicilio y por teléfono;9113;5244;;Vendedores por teléfono;
4;Limpiabotas y otros trabajadores callejeros;9120;9510;;Trabajadores ambulantes de servicios y afines;
4;Personal doméstico;9131;9111;;Limpiadores y asistentes domésticos;
4;Limpiadores de oficinas, hoteles y otros establecimientos;9132;9112;;Limpiadores y asistentes de oficinas, hoteles y otros establecimientos;
4;Limpiadores de oficinas, hoteles y otros establecimientos;9132;9412;;Ayudantes de cocina;
4;Lavanderos y planchadores manuales;9133;9121;;Lavanderos y planchadores manuales;
4;Conserjes;9141;5153;;Conserjes;
4;Lavadores de vehículos, ventanas y afines;9142;9122;;Lavadores de vehículos;
4;Lavadores de vehículos, ventanas y afines;9142;9123;;Lavadores de ventanas;
4;Lavadores de vehículos, ventanas y afines;9142;9129;;Otro personal de limpieza;
4;Mensajeros, porteadores y repartidores;9151;9621;p;Mensajeros, mandaderos, maleteros y repartidores;
4;Porteros y guardianes y afines;9152;5414;p;Guardias de protección;
4;Porteros y guardianes y afines;9152;9621;p;Mensajeros, mandaderos, maleteros y repartidores;
4;Porteros y guardianes y afines;9152;9629;;Ocupaciones elementales no clasificadas bajo otros epígrafes;
4;Recolectores de dinero en aparatos de venta automática, lectores de medidores y afines;9153;9623;;Recolectores de dinero en aparatos de venta automática y lectores de medidores;
4;Recolectores de basura;9161;9611;;Recolectores de basura y material reciclable;
4;Recolectores de basura;9161;9612;p;Clasificadores de desechos;
4;Barrenderos y afines;9162;9613;;Barrenderos y afines;
4;Barrenderos y afines;9162;9622;;Personas que realizan trabajos varios;
4;Barrenderos y afines;9162;9624;;Acarreadores de agua y recolectores  de  leña;
4;Mozos de labranza y peones agropecuarios;9211;9211;;Peones de explotaciones agrícolas;
4;Mozos de labranza y peones agropecuarios;9211;9212;;Peones de explotaciones ganaderas;
4;Mozos de labranza y peones agropecuarios;9211;9213;;Peones de explotaciones de cultivos mixtos y ganaderos;
4;Mozos de labranza y peones agropecuarios;9211;9214;;Peones de jardinería y horticultura;
4;Peones forestales;9212;9215;;Peones forestales;
4;Peones de la pesca, la caza y la trampa;9213;9216;;Peones de pesca y acuicultura;
4;Peones de minas y canteras;9311;9311;;Peones de minas y canteras;
4;Peones de obras públicas y mantenimiento carreteras, presas y obras similares;9312;9312;;Peones de obras públicas y mantenimiento;
4;Peones de la construcción de edificios;9313;9313;;Peones de la construcción de edificios;
4;Peones de montaje;9321;9329;p;Peones de la industria manufacturera no clasificados bajo otros epígrafes;
4;Peones de montaje;9321;9612;p;Clasificadores de desechos;
4;Embaladores manuales y otros peones de la industria manufacturera;9322;9321;;Empacadores manuales;
4;Embaladores manuales y otros peones de la industria manufacturera;9322;9329;p;Peones de la industria manufacturera no clasificados bajo otros epígrafes;
4;Conductores de vehículos accionados a pedal o a brazo;9331;9331;;Conductores de vehículos accionados a pedal o a brazo;
4;Conductores de vehículos y máquinas de tracción animal;9332;9332;;Conductores de vehículos y máquinas de tracción animal;
4;Peones de carga;9333;9333;;Peones de carga;
4;Peones de carga;9333;9334;;Reponedores de estanterías;
4;Fuerzas armadas;0110;0110;;Oficiales de las fuerzas armadas;
4;Fuerzas armadas;0110;0210;;Suboficiales de las fuerzas armadas;
4;Fuerzas armadas;0110;0310;;Otros miembros de las fuerzas armadas;
;;;;;;
